date,close
2020-01-03,202.4
2020-01-06,201.3
2020-01-07,202.6
2020-01-08,201.0
2020-01-09,201.4
2020-01-10,207.8
2020-01-14,205.7
2020-01-15,207.0
2020-01-16,206.2
2020-01-17,201.4
2020-01-20,193.0
2020-01-21,191.4
2020-01-22,191.0
2020-01-23,182.2
2020-01-24,174.0
2020-01-27,179.0
2020-01-28,185.7
2020-01-29,180.0
2020-01-30,181.2
2020-01-31,173.0
2020-02-03,174.7
2020-02-04,175.0
2020-02-05,178.5
2020-02-06,175.2
2020-02-07,177.1
2020-02-10,179.0
2020-02-12,182.0
2020-02-13,182.9
2020-02-14,184.5
2020-02-17,186.8
2020-02-18,186.4
2020-02-19,186.6
2020-02-20,189.5
2020-02-21,184.9
2020-02-25,182.9
2020-02-26,180.4
2020-02-27,172.2
2020-02-28,172.5
2020-03-02,174.0
2020-03-03,170.5
2020-03-04,174.0
2020-03-05,168.3
2020-03-06,157.8
2020-03-09,163.2
2020-03-10,164.3
2020-03-11,160.1
2020-03-12,162.2
2020-03-13,161.8
2020-03-16,162.6
2020-03-17,161.2
2020-03-18,154.0
2020-03-19,148.9
2020-03-23,150.9
2020-03-24,153.2
2020-03-25,151.6
2020-03-26,149.6
2020-03-27,144.2
2020-03-30,145.2
2020-03-31,141.5
2020-04-01,140.6
2020-04-02,144.3
2020-04-03,146.9
2020-04-06,148.8
2020-04-07,151.3
2020-04-08,154.5
2020-04-09,153.0
2020-04-10,151.8
2020-04-13,151.4
2020-04-14,152.3
2020-04-15,151.2
2020-04-16,153.9
2020-04-17,154.9
2020-04-20,150.6
2020-04-21,147.7
2020-04-22,152.0
2020-04-23,151.5
2020-04-24,151.5
2020-04-27,150.6
2020-04-28,150.6
2020-04-30,148.8
2020-05-01,152.3
2020-05-07,152.7
2020-05-08,152.8
2020-05-11,152.3
2020-05-12,152.1
2020-05-13,151.1
2020-05-14,153.0
2020-05-15,151.4
2020-05-18,153.7
2020-05-19,154.9
2020-05-20,155.5
2020-05-21,151.5
2020-05-22,152.9
2020-05-25,154.6
2020-05-26,154.0
2020-05-27,153.6
2020-05-28,153.5
2020-05-29,154.3
2020-06-01,155.3
2020-06-02,157.0
2020-06-03,154.4
2020-06-04,159.5
2020-06-05,164.0
2020-06-08,162.9
2020-06-09,163.0
2020-06-10,160.0
2020-06-11,159.0
2020-06-12,154.3
2020-06-15,157.6
2020-06-16,157.2
2020-06-17,156.8
2020-06-18,158.2
2020-06-19,157.7
2020-06-22,157.8
2020-06-23,157.5
2020-06-24,157.4
2020-06-25,155.2
2020-06-26,154.0
2020-06-29,154.5
2020-06-30,154.4
2020-07-01,155.4
2020-07-02,155.6
2020-07-03,156.8
2020-07-06,157.4
2020-07-07,157.2
2020-07-08,157.6
2020-07-09,155.1
2020-07-10,156.8
2020-07-13,156.3
2020-07-14,156.5
2020-07-15,155.6
2020-07-16,156.3
2020-07-17,155.3
2020-07-20,159.0
2020-07-22,158.2
2020-07-27,160.9
2020-07-28,161.4
2020-07-29,164.8
2020-07-30,163.6
2020-07-31,167.0
2020-08-03,168.5
2020-08-04,170.3
2020-08-05,172.8
2020-08-06,177.7
2020-08-07,174.4
2020-08-11,171.0
2020-08-12,173.3
2020-08-13,175.6
2020-08-14,176.5
2020-08-17,176.9
2020-08-18,176.5
2020-08-19,175.0
2020-08-20,173.3
2020-08-21,174.8
2020-08-24,176.3
2020-08-25,181.5
2020-08-26,184.3
2020-08-27,186.0
2020-08-28,194.5
2020-08-31,196.7
2020-09-01,196.1
2020-09-02,184.8
2020-09-03,180.0
2020-09-04,179.6
2020-09-07,180.3
2020-09-08,176.0
2020-09-09,180.5
2020-09-10,176.7
2020-09-11,179.1
2020-09-14,183.2
2020-09-15,184.6
2020-09-16,185.3
2020-09-17,186.0
2020-09-18,181.0
2020-09-23,182.7
2020-09-24,186.8
2020-09-25,189.0
2020-09-28,186.5
2020-09-29,184.0
2020-09-30,185.5
2020-10-01,183.9
2020-10-02,187.0
2020-10-05,189.6
2020-10-06,188.1
2020-10-07,191.4
2020-10-08,194.7
2020-10-09,198.5
2020-10-12,200.2
2020-10-13,202.1
2020-10-14,197.3
2020-10-15,200.6
2020-10-16,204.1
2020-10-19,207.5
2020-10-20,217.4
2020-10-21,219.8
2020-10-22,232.1
2020-10-23,250.4
2020-10-26,254.2
2020-10-27,274.3
2020-10-28,262.0
2020-10-29,250.2
2020-10-30,230.2
2020-11-02,210.2
2020-11-04,216.3
2020-11-05,222.3
2020-11-06,215.4
2020-11-09,210.6
2020-11-10,219.9
2020-11-11,232.5
2020-11-12,235.6
2020-11-13,238.3
2020-11-16,230.2
2020-11-17,222.7
2020-11-18,224.0
2020-11-19,226.8
2020-11-20,234.8
2020-11-24,238.0
2020-11-25,236.0
2020-11-26,245.7
2020-11-27,250.1
2020-11-30,249.1
2020-12-01,257.7
2020-12-02,266.0
2020-12-03,255.1
2020-12-04,247.1
2020-12-07,241.4
2020-12-08,234.2
2020-12-09,233.2
2020-12-10,229.9
2020-12-11,239.9
2020-12-14,244.0
2020-12-15,240.5
2020-12-16,244.0
2020-12-17,246.2
2020-12-18,248.2
2020-12-21,231.2
2020-12-22,230.0
2020-12-23,234.9
2020-12-24,235.0
2020-12-25,227.1
2020-12-28,230.8
2020-12-29,226.9
2020-12-30,240.4
2021-01-04,239.1
2021-01-05,238.0
2021-01-06,245.0
2021-01-07,245.9
2021-01-08,237.7
2021-01-12,239.2
2021-01-13,238.4
2021-01-14,243.1
2021-01-15,244.2
2021-01-18,236.9
2021-01-19,238.1
2021-01-20,241.9
2021-01-21,238.0
2021-01-22,230.0
2021-01-25,224.1
2021-01-26,229.3
2021-01-27,227.4
2021-01-28,236.0
2021-01-29,236.0
2021-02-01,232.3
2021-02-02,229.1
2021-02-03,233.7
2021-02-04,239.5
2021-02-05,243.2
2021-02-08,244.9
2021-02-09,243.1
2021-02-10,238.5
2021-02-12,252.7
2021-02-15,252.0
2021-02-16,259.6
2021-02-17,257.8
2021-02-18,265.0
2021-02-19,276.3
2021-02-22,274.1
2021-02-24,290.0
2021-02-25,275.9
2021-02-26,266.5
2021-03-01,260.1
2021-03-02,261.0
2021-03-03,266.9
2021-03-04,269.9
2021-03-05,270.9
2021-03-08,272.9
2021-03-09,273.1
2021-03-10,274.7
2021-03-11,276.0
2021-03-12,272.4
2021-03-15,273.8
2021-03-16,272.8
2021-03-17,271.2
2021-03-18,261.0
2021-03-19,264.0
2021-03-22,262.0
2021-03-23,257.3
2021-03-24,252.7
2021-03-25,248.0
2021-03-26,250.0
2021-03-29,248.1
2021-03-30,241.7
2021-03-31,245.4
2021-04-01,251.5
2021-04-02,250.7
2021-04-05,247.6
2021-04-06,247.9
2021-04-07,244.7
2021-04-08,234.8
2021-04-09,226.5
2021-04-12,224.6
2021-04-13,232.1
2021-04-14,236.9
2021-04-15,237.7
2021-04-16,229.9
2021-04-19,234.9
2021-04-20,233.2
2021-04-21,235.6
2021-04-22,237.1
2021-04-23,236.9
2021-04-26,238.8
2021-04-27,239.9
2021-04-28,244.9
2021-04-30,257.9
2021-05-06,255.5
2021-05-07,257.0
2021-05-10,252.2
2021-05-11,253.0
2021-05-12,252.0
2021-05-13,242.0
2021-05-14,246.2
2021-05-17,247.8
2021-05-18,245.4
2021-05-19,247.4
2021-05-20,251.3
2021-05-21,252.2
2021-05-24,251.3
2021-05-25,255.2
2021-05-26,255.4
2021-05-27,254.3
2021-05-28,245.7
2021-05-31,240.0
2021-06-01,237.6
2021-06-02,241.1
2021-06-03,243.2
2021-06-04,240.0
2021-06-07,238.1
2021-06-08,241.7
2021-06-09,239.4
2021-06-10,238.0
2021-06-11,238.9
2021-06-14,237.0
2021-06-15,235.2
2021-06-16,235.5
2021-06-17,234.5
2021-06-18,232.4
2021-06-21,231.7
2021-06-22,234.1
2021-06-23,237.5
2021-06-24,239.9
2021-06-25,237.3
2021-06-28,232.0
2021-06-29,226.3
2021-06-30,220.0
2021-07-01,218.2
2021-07-02,221.4
2021-07-05,223.7
2021-07-06,220.9
2021-07-07,217.0
2021-07-08,216.4
2021-07-09,216.0
2021-07-12,213.8
2021-07-13,209.5
2021-07-14,213.9
2021-07-15,214.9
2021-07-16,214.1
2021-07-19,206.7
2021-07-20,209.9
2021-07-21,214.5
2021-07-26,216.3
2021-07-27,213.8
2021-07-28,215.8
2021-07-29,219.3
2021-07-30,217.6
2021-08-02,216.0
2021-08-03,217.7
2021-08-04,217.0
2021-08-05,219.9
2021-08-06,222.2
2021-08-10,222.3
2021-08-11,220.6
2021-08-12,222.6
2021-08-13,220.9
2021-08-16,224.0
2021-08-17,228.3
2021-08-18,224.8
2021-08-19,215.5
2021-08-20,216.1
2021-08-23,217.8
2021-08-24,217.3
2021-08-25,214.0
2021-08-26,206.5
2021-08-27,206.2
2021-08-30,206.9
2021-08-31,208.6
2021-09-01,207.5
2021-09-02,212.0
2021-09-03,211.0
2021-09-06,207.5
2021-09-07,199.3
2021-09-08,199.6
2021-09-09,202.2
2021-09-10,201.3
2021-09-13,203.9
2021-09-14,204.9
2021-09-15,202.4
2021-09-16,204.0
2021-09-17,194.5
2021-09-21,196.7
2021-09-22,201.0
2021-09-24,206.7
2021-09-27,208.9
2021-09-28,207.6
2021-09-29,211.8
2021-09-30,210.7
2021-10-01,207.8
2021-10-04,211.0
2021-10-05,214.5
2021-10-06,214.1
2021-10-07,221.0
2021-10-08,226.8
2021-10-11,227.2
2021-10-12,225.3
2021-10-13,224.0
2021-10-14,226.5
2021-10-15,224.0
2021-10-18,233.1
2021-10-19,233.5
2021-10-20,238.5
2021-10-21,230.9
2021-10-22,226.0
2021-10-25,233.1
2021-10-26,232.9
2021-10-27,230.8
2021-10-28,232.8
2021-10-29,230.4
2021-11-01,226.5
2021-11-02,220.6
2021-11-04,219.6
2021-11-05,221.3
2021-11-08,221.5
2021-11-09,220.2
2021-11-10,223.7
2021-11-11,227.1
2021-11-12,227.6
2021-11-15,227.3
2021-11-16,229.4
2021-11-17,225.4
2021-11-18,229.8
2021-11-19,238.4
2021-11-22,247.8
2021-11-24,256.7
2021-11-25,246.3
2021-11-26,247.7
2021-11-29,241.0
2021-11-30,245.9
2021-12-01,243.6
2021-12-02,240.6
2021-12-03,236.7
2021-12-06,237.0
2021-12-07,236.5
2021-12-08,228.7
2021-12-09,229.1
2021-12-10,236.8
2021-12-13,235.3
2021-12-14,232.9
2021-12-15,232.9
2021-12-16,233.6
2021-12-17,226.7
2021-12-20,227.7
2021-12-21,229.8
2021-12-22,233.3
2021-12-23,230.2
2021-12-24,229.0
2021-12-27,234.0
2021-12-28,236.2
2021-12-29,238.0
2021-12-30,239.6
2022-01-04,243.8
2022-01-05,238.0
2022-01-06,241.4
2022-01-07,239.5
2022-01-11,243.3
2022-01-12,244.4
2022-01-13,246.5
2022-01-14,242.9
2022-01-17,242.2
2022-01-18,250.0
2022-01-19,250.5
2022-01-20,244.4
2022-01-21,238.2
2022-01-24,233.2
2022-01-25,239.0
2022-01-26,236.5
2022-01-27,239.4
2022-01-28,244.8
2022-01-31,246.7
2022-02-01,247.7
2022-02-02,241.0
2022-02-03,241.6
2022-02-04,247.0
2022-02-07,248.7
2022-02-08,251.0
2022-02-09,253.8
2022-02-10,257.6
2022-02-14,254.2
2022-02-15,256.8
2022-02-16,252.5
2022-02-17,257.6
2022-02-18,260.3
2022-02-21,256.9
2022-02-22,259.0
2022-02-24,261.3
2022-02-25,263.0
2022-02-28,256.9
2022-03-01,259.9
2022-03-02,260.0
2022-03-03,255.2
2022-03-04,253.0
2022-03-07,243.0
2022-03-08,247.5
2022-03-09,245.5
2022-03-10,244.1
2022-03-11,240.6
2022-03-14,244.9
2022-03-15,244.7
2022-03-16,245.2
2022-03-17,248.1
2022-03-18,251.8
2022-03-22,252.5
2022-03-23,255.2
2022-03-24,256.3
2022-03-25,254.1
2022-03-28,252.6
2022-03-29,256.3
2022-03-30,259.9
2022-03-31,261.8
2022-04-01,269.8
2022-04-04,270.4
2022-04-05,266.9
2022-04-06,260.6
2022-04-07,263.0
2022-04-08,263.2
2022-04-11,262.8
2022-04-12,259.7
2022-04-13,264.0
2022-04-14,265.5
2022-04-15,262.0
2022-04-18,265.0
2022-04-19,260.8
2022-04-20,261.4
2022-04-21,255.0
2022-04-22,250.3
2022-04-25,251.4
2022-04-26,247.6
2022-04-27,249.6
2022-04-28,253.5
2022-05-02,251.7
2022-05-06,251.5
2022-05-09,248.2
2022-05-10,249.1
2022-05-11,244.4
2022-05-12,240.9
2022-05-13,244.0
2022-05-16,244.9
2022-05-17,247.5
2022-05-18,244.5
2022-05-19,246.2
2022-05-20,244.8
2022-05-23,246.6
2022-05-24,244.9
2022-05-25,246.1
2022-05-26,247.8
2022-05-27,248.2
2022-05-30,250.0
2022-05-31,254.8
2022-06-01,256.5
2022-06-02,259.8
2022-06-03,262.6
2022-06-06,261.5
2022-06-07,258.1
2022-06-08,264.9
2022-06-09,264.0
2022-06-10,258.3
2022-06-13,255.1
2022-06-14,253.6
2022-06-15,254.1
2022-06-16,255.0
2022-06-17,254.1
2022-06-20,254.7
2022-06-21,254.0
2022-06-22,253.8
2022-06-23,253.9
2022-06-24,259.0
2022-06-27,259.2
2022-06-28,259.4
2022-06-29,257.4
2022-06-30,255.5
2022-07-01,258.2
2022-07-04,257.3
2022-07-05,249.6
2022-07-06,247.8
2022-07-07,247.7
2022-07-08,247.6
2022-07-11,250.4
2022-07-12,243.8
2022-07-13,241.8
2022-07-14,241.5
2022-07-15,242.1
2022-07-19,239.5
2022-07-20,237.7
2022-07-21,236.5
2022-07-22,237.9
2022-07-25,239.6
2022-07-26,238.2
2022-07-27,240.0
2022-07-28,237.0
2022-07-29,232.3
2022-08-01,227.0
2022-08-02,229.6
2022-08-03,227.6
2022-08-04,227.7
2022-08-05,232.6
2022-08-08,233.9
2022-08-09,231.0
2022-08-10,228.7
2022-08-12,227.6
2022-08-15,223.8
2022-08-16,228.5
2022-08-17,230.0
2022-08-18,226.0
2022-08-19,228.2
2022-08-22,227.7
2022-08-23,226.7
2022-08-24,224.8
2022-08-25,226.2
2022-08-26,228.5
2022-08-29,226.4
2022-08-30,226.1
2022-08-31,218.8
2022-09-01,216.6
2022-09-02,217.5
2022-09-05,214.8
2022-09-06,214.8
2022-09-07,216.2
2022-09-08,217.7
2022-09-09,221.2
2022-09-12,222.9
2022-09-13,224.2
2022-09-14,226.4
2022-09-15,223.9
2022-09-16,227.5
2022-09-20,226.3
2022-09-21,228.6
2022-09-22,224.6
2022-09-26,231.5
2022-09-27,227.9
2022-09-28,227.6
2022-09-29,228.3
2022-09-30,229.0
2022-10-03,228.5
2022-10-04,229.9
2022-10-05,232.0
2022-10-06,234.5
2022-10-07,230.0
2022-10-11,230.0
2022-10-12,228.8
2022-10-13,229.4
2022-10-14,230.1
2022-10-17,229.4
2022-10-18,228.0
2022-10-19,225.4
2022-10-20,221.2
2022-10-21,219.9
2022-10-24,222.6
2022-10-25,219.3
2022-10-26,216.0
2022-10-27,210.4
2022-10-28,209.0
2022-10-31,214.9
2022-11-01,212.6
2022-11-02,213.5
2022-11-04,214.5
2022-11-07,219.5
2022-11-08,218.1
2022-11-09,216.1
2022-11-10,217.0
2022-11-11,217.5
2022-11-14,220.1
2022-11-15,216.9
2022-11-16,217.9
2022-11-17,217.2
2022-11-18,211.9
2022-11-21,215.2
2022-11-22,214.6
2022-11-24,212.3
2022-11-25,214.0
2022-11-28,213.8
2022-11-29,215.5
2022-11-30,217.8
2022-12-01,216.7
2022-12-02,217.7
2022-12-05,220.7
2022-12-06,224.5
2022-12-07,227.7
2022-12-08,230.0
2022-12-09,229.7
2022-12-12,229.0
2022-12-13,231.8
2022-12-14,230.1
2022-12-15,230.5
2022-12-16,227.8
2022-12-19,223.1
2022-12-20,223.1
2022-12-21,224.6
2022-12-22,220.0
2022-12-23,217.1
2022-12-26,220.4
2022-12-27,220.4
2022-12-28,219.0
2022-12-29,218.0
2022-12-30,222.0
2023-01-04,221.8
2023-01-05,220.8
2023-01-06,220.6
2023-01-10,225.0
2023-01-11,226.0
2023-01-12,223.7
2023-01-13,222.6
2023-01-16,227.1
2023-01-17,229.1
2023-01-18,227.5
2023-01-19,228.3
2023-01-20,230.3
2023-01-23,232.2
2023-01-24,233.1
2023-01-25,236.0
2023-01-26,235.5
2023-01-27,232.9
2023-01-30,232.3
2023-01-31,229.0
2023-02-01,225.6
2023-02-02,226.3
2023-02-03,227.3
2023-02-06,226.5
2023-02-07,226.1
2023-02-08,227.4
2023-02-09,224.5
2023-02-10,222.6
2023-02-13,220.0
2023-02-14,219.2
2023-02-15,218.8
2023-02-16,222.3
2023-02-17,222.7
2023-02-20,225.0
2023-02-21,225.7
2023-02-22,225.0
2023-02-24,222.8
2023-02-27,224.2
2023-02-28,227.5
2023-03-01,231.0
2023-03-02,229.8
2023-03-03,225.0
2023-03-06,225.0
2023-03-07,222.5
2023-03-08,221.6
2023-03-09,219.2
2023-03-10,217.7
2023-03-13,215.0
2023-03-14,213.6
2023-03-15,207.9
2023-03-16,208.5
2023-03-17,205.0
2023-03-20,204.4
2023-03-22,204.1
2023-03-23,204.0
2023-03-24,210.5
2023-03-27,210.0
2023-03-28,208.3
2023-03-29,209.1
2023-03-30,210.0
2023-03-31,213.8
2023-04-03,210.5
2023-04-04,211.0
2023-04-05,206.5
2023-04-06,204.6
2023-04-07,204.3
2023-04-10,205.0
2023-04-11,206.8
2023-04-12,206.5
2023-04-13,209.8
2023-04-14,210.8
2023-04-17,211.0
2023-04-18,212.3
2023-04-19,212.8
2023-04-20,210.1
2023-04-21,205.8
2023-04-24,212.0
2023-04-25,211.4
2023-04-26,207.7
2023-04-27,208.7
2023-04-28,212.8
2023-05-01,213.2
2023-05-02,213.6
2023-05-08,212.0
2023-05-09,211.1
2023-05-10,209.5
2023-05-11,208.9
2023-05-12,212.5
2023-05-15,210.4
2023-05-16,212.0
2023-05-17,212.0
2023-05-18,212.7
2023-05-19,209.7
2023-05-22,208.9
2023-05-23,206.3
2023-05-24,207.0
2023-05-25,209.5
2023-05-26,210.7
2023-05-29,209.0
2023-05-30,208.0
2023-05-31,208.2
2023-06-01,209.8
2023-06-02,210.7
2023-06-05,210.6
2023-06-06,214.2
2023-06-07,212.9
2023-06-08,212.0
2023-06-09,209.8
2023-06-12,210.5
2023-06-13,209.7
2023-06-14,210.7
2023-06-15,211.3
2023-06-16,210.2
2023-06-19,208.5
2023-06-20,206.5
2023-06-21,206.5
2023-06-22,206.0
2023-06-23,204.5
2023-06-26,205.6
2023-06-27,205.6
2023-06-28,205.3
2023-06-29,206.0
2023-06-30,206.0
2023-07-03,205.3
2023-07-04,205.2
2023-07-05,205.6
2023-07-06,206.0
2023-07-07,205.1
2023-07-10,204.2
2023-07-11,204.2
2023-07-12,205.0
2023-07-13,205.2
2023-07-14,202.3
2023-07-18,202.9
2023-07-19,203.3
2023-07-20,202.0
2023-07-21,201.9
2023-07-24,201.5
2023-07-25,201.5
2023-07-26,200.4
2023-07-27,199.1
2023-07-28,200.5
2023-07-31,199.7
2023-08-01,198.0
2023-08-02,197.9
2023-08-03,197.5
2023-08-04,197.0
2023-08-07,196.2
2023-08-08,195.9
2023-08-09,196.5
2023-08-10,194.8
2023-08-14,195.2
2023-08-15,195.6
2023-08-16,196.3
2023-08-17,198.6
2023-08-18,200.1
2023-08-21,200.7
2023-08-22,203.4
2023-08-23,207.0
2023-08-24,212.0
2023-08-25,214.6
2023-08-28,212.2
2023-08-29,213.2
2023-08-30,214.2
2023-08-31,224.2
2023-09-01,229.2
2023-09-04,232.0
2023-09-05,234.0
2023-09-06,229.8
2023-09-07,233.9
2023-09-08,234.9
2023-09-11,234.9
2023-09-12,232.4
2023-09-13,233.8
2023-09-14,236.0
2023-09-15,235.4
2023-09-19,233.7
2023-09-20,234.3
2023-09-21,234.6
2023-09-22,234.6
2023-09-25,235.2
2023-09-26,235.3
2023-09-27,234.5
2023-09-28,235.3
2023-09-29,236.8
2023-10-02,232.5
2023-10-03,233.7
2023-10-04,229.7
2023-10-05,231.0
2023-10-06,232.0
2023-10-10,236.0
2023-10-11,249.5
2023-10-12,256.9
2023-10-13,259.6
2023-10-16,265.2
2023-10-17,268.5
2023-10-18,266.2
2023-10-19,259.8
2023-10-20,255.9
2023-10-23,256.5
2023-10-24,263.4
2023-10-25,261.7
2023-10-26,258.8
2023-10-27,256.3
2023-10-30,255.2
2023-10-31,256.2
2023-11-01,258.6
2023-11-02,257.9
2023-11-06,257.9
2023-11-07,258.8
2023-11-08,262.5
2023-11-09,264.7
2023-11-10,267.7
2023-11-13,269.8
2023-11-14,270.4
2023-11-15,273.9
2023-11-16,266.2
2023-11-17,268.6
2023-11-20,261.0
2023-11-21,260.0
2023-11-22,262.9
2023-11-24,270.1
2023-11-27,270.7
2023-11-28,268.0
2023-11-29,263.0
2023-11-30,256.7
2023-12-01,247.7
2023-12-04,242.7
2023-12-05,243.5
2023-12-06,240.6
2023-12-07,237.5
2023-12-08,242.5
2023-12-11,242.5
2023-12-12,238.0
2023-12-13,236.2
2023-12-14,238.1
2023-12-15,235.5
2023-12-18,233.6
2023-12-19,240.5
2023-12-20,240.0
2023-12-21,242.5
2023-12-22,248.0
2023-12-25,249.6
2023-12-26,251.1
2023-12-27,253.5
2023-12-28,256.5
2023-12-29,254.9
2024-01-04,256.9
2024-01-05,251.0
2024-01-09,249.3
2024-01-10,255.2
2024-01-11,260.6
2024-01-12,266.1
2024-01-15,265.4
2024-01-16,268.7
2024-01-17,269.9
2024-01-18,271.3
2024-01-19,271.5
2024-01-22,272.5
2024-01-23,278.9
2024-01-24,287.7
2024-01-25,286.7
2024-01-26,282.0
2024-01-29,281.3
2024-01-30,285.0
2024-01-31,283.6
2024-02-01,282.7
2024-02-02,289.1
2024-02-05,284.0
2024-02-06,277.6
2024-02-07,277.6
2024-02-08,278.0
2024-02-09,283.2
2024-02-13,288.0
2024-02-14,288.8
2024-02-15,296.1
2024-02-16,298.5
2024-02-19,296.1
2024-02-20,296.0
2024-02-21,304.5
2024-02-22,299.4
2024-02-26,302.6
2024-02-27,301.1
2024-02-28,297.0
2024-02-29,300.8
2024-03-01,298.3
2024-03-04,299.4
2024-03-05,299.9
2024-03-06,300.0
2024-03-07,313.0
2024-03-08,319.1
2024-03-11,327.0
2024-03-12,328.4
2024-03-13,333.0
2024-03-14,352.0
2024-03-15,354.2
2024-03-18,346.5
2024-03-19,349.3
2024-03-21,327.8
2024-03-22,315.5
2024-03-25,319.3
2024-03-26,321.2
2024-03-27,326.2
2024-03-28,328.6
2024-03-29,325.1
2024-04-01,325.5
2024-04-02,325.8
2024-04-03,327.3
2024-04-04,325.2
2024-04-05,325.5
2024-04-08,333.0
2024-04-09,327.7
2024-04-10,325.3
2024-04-11,315.7
2024-04-12,313.6
2024-04-15,314.3
2024-04-16,311.5
2024-04-17,309.6
2024-04-18,310.8
2024-04-19,317.0
2024-04-22,311.4
2024-04-23,305.5
2024-04-24,302.1
2024-04-25,305.4
2024-04-26,307.0
2024-04-30,303.4
2024-05-01,302.7
2024-05-02,307.9
2024-05-07,309.8
2024-05-08,309.3
2024-05-09,306.2
2024-05-10,308.0
2024-05-13,313.3
2024-05-14,317.2
2024-05-15,322.5
2024-05-16,322.0
2024-05-17,328.9
2024-05-20,325.0
2024-05-21,326.2
2024-05-22,327.9
2024-05-23,331.3
2024-05-24,334.9
2024-05-27,338.6
2024-05-28,339.8
2024-05-29,346.2
2024-05-30,341.0
2024-05-31,336.5
2024-06-03,330.8
2024-06-04,332.1
2024-06-05,341.7
2024-06-06,357.2
2024-06-07,356.5
2024-06-10,346.5
2024-06-11,350.9
2024-06-12,343.0
2024-06-13,338.3
2024-06-14,327.5
2024-06-17,328.1
2024-06-18,330.5
2024-06-19,330.5
2024-06-20,327.5
2024-06-21,327.8
2024-06-24,335.5
2024-06-25,331.5
2024-06-26,332.6
2024-06-27,328.5
2024-06-28,328.4
2024-07-01,334.0
2024-07-02,331.4
2024-07-03,330.2
2024-07-04,324.1
2024-07-05,317.1
2024-07-08,319.6
2024-07-09,324.3
2024-07-10,327.9
2024-07-11,324.9
2024-07-12,318.6
2024-07-16,322.8
2024-07-17,317.2
2024-07-18,319.0
2024-07-19,323.5
2024-07-22,315.6
2024-07-23,322.2
2024-07-24,313.7
2024-07-25,317.7
2024-07-26,316.3
2024-07-29,315.1
2024-07-30,315.1
2024-07-31,311.3
2024-08-01,315.3
2024-08-02,312.2
2024-08-05,313.7
2024-08-06,319.9
2024-08-07,321.5
2024-08-08,322.0
2024-08-09,323.3
2024-08-13,323.6
2024-08-14,323.2
2024-08-15,328.9
2024-08-16,326.5
2024-08-19,331.0
2024-08-20,339.1
2024-08-21,341.0
2024-08-22,349.1
2024-08-23,354.0
2024-08-26,360.0
2024-08-27,371.8
2024-08-28,373.9
2024-08-29,375.6
2024-08-30,365.6
2024-09-02,359.0
2024-09-03,351.6
2024-09-04,347.5
2024-09-05,349.8
2024-09-06,356.6
2024-09-09,360.5
2024-09-10,352.7
2024-09-11,365.0
2024-09-12,358.9
2024-09-13,374.5
2024-09-17,374.9
2024-09-18,373.4
2024-09-19,366.7
2024-09-20,385.4
2024-09-24,387.0
2024-09-25,391.0
2024-09-26,392.0
2024-09-27,403.3
2024-09-30,412.1
2024-10-01,412.9
2024-10-02,400.1
2024-10-03,399.8
2024-10-04,403.9
2024-10-07,395.6
2024-10-08,406.0
2024-10-09,397.5
2024-10-10,386.4
2024-10-11,393.1
2024-10-15,385.5
2024-10-16,385.5
2024-10-17,394.5
2024-10-18,389.0
2024-10-21,391.1
2024-10-22,386.6
2024-10-23,385.7
2024-10-24,372.7
2024-10-25,367.0
2024-10-28,365.0
2024-10-29,356.0
2024-10-30,358.5
2024-10-31,351.1
2024-11-01,352.1
2024-11-05,365.0
2024-11-06,367.9
2024-11-07,367.3
2024-11-08,364.0
2024-11-11,346.8
2024-11-12,344.0
2024-11-13,344.0
2024-11-14,350.0
2024-11-15,348.0
2024-11-18,354.5
2024-11-19,364.3
2024-11-20,367.4
2024-11-21,356.5
2024-11-22,356.6
2024-11-25,365.0
2024-11-26,367.9
2024-11-27,367.1
2024-11-28,363.0
2024-11-29,362.2
2024-12-02,370.7
2024-12-03,375.9
2024-12-04,373.1
2024-12-05,378.4
2024-12-06,371.0
2024-12-09,367.7
2024-12-10,378.3
2024-12-11,371.4
2024-12-12,369.4
2024-12-13,372.9
2024-12-16,371.0
2024-12-17,371.0
2024-12-18,365.9
2024-12-19,367.0
2024-12-20,363.4
2024-12-23,366.2
2024-12-24,371.8
2024-12-25,369.6
2024-12-26,370.6
2024-12-27,374.5
2025-01-03,359.3
2025-01-06,354.4
2025-01-07,358.2
2025-01-08,364.7
2025-01-09,368.6
2025-01-10,376.2
2025-01-14,383.8
2025-01-15,386.5
2025-01-16,384.9
2025-01-17,375.5
2025-01-20,378.5
2025-01-21,382.1
2025-01-22,384.5
2025-01-23,382.0
2025-01-24,378.6
2025-01-27,386.2
2025-01-28,388.0
2025-01-29,388.1
2025-01-30,394.4
2025-01-31,391.0
2025-02-03,382.7
2025-02-04,374.1
2025-02-05,374.5
2025-02-06,373.7
2025-02-07,368.7
2025-02-10,368.1
2025-02-12,366.7
2025-02-13,376.6
2025-02-14,371.5
2025-02-17,374.1
2025-02-18,369.3
2025-02-19,375.0
2025-02-20,372.1
2025-02-21,368.0
2025-02-25,361.0
2025-02-26,360.0
2025-02-27,360.4
2025-02-28,362.2
2025-03-03,361.2
2025-03-04,354.0
2025-03-05,353.4
2025-03-06,349.7
2025-03-07,343.1
2025-03-10,335.0
2025-03-11,343.2
2025-03-12,337.2
2025-03-13,349.7
2025-03-14,341.5
2025-03-17,346.9
2025-03-18,343.0
2025-03-19,349.5
2025-03-21,351.0
2025-03-24,355.4
2025-03-25,355.8
2025-03-26,355.3
2025-03-27,349.2
2025-03-28,349.0
2025-03-31,344.3
2025-04-01,344.8
2025-04-02,331.3
2025-04-03,320.7
2025-04-04,294.0
2025-04-07,299.9
2025-04-08,283.4
2025-04-09,298.1
2025-04-10,297.6
2025-04-11,303.1
2025-04-14,299.4
2025-04-15,286.1
2025-04-16,292.1
2025-04-17,290.9
2025-04-18,291.8
2025-04-21,285.3
2025-04-22,289.9
2025-04-23,290.0
2025-04-24,289.3
2025-04-25,291.9
2025-04-28,293.9
2025-04-30,294.0
2025-05-01,296.9
2025-05-02,299.0
2025-05-07,300.6
2025-05-08,301.2
2025-05-09,309.5
2025-05-12,315.1
2025-05-13,319.6
2025-05-14,316.7
2025-05-15,313.4
2025-05-16,324.5
2025-05-19,323.3
2025-05-20,320.2
2025-05-21,321.9
2025-05-22,320.0
2025-05-23,318.3
2025-05-26,325.9
2025-05-27,316.9
2025-05-28,314.6
2025-05-29,295.0
2025-05-30,290.9
2025-06-02,287.0
2025-06-03,290.9
2025-06-04,292.4
2025-06-05,294.3
2025-06-06,289.6
2025-06-09,296.8
2025-06-10,299.0
2025-06-11,290.9
2025-06-12,292.2
2025-06-13,293.9
2025-06-16,297.0
2025-06-17,305.0
2025-06-18,298.3
2025-06-19,295.4
2025-06-20,301.5
2025-06-23,295.8
2025-06-24,299.8
2025-06-25,301.7
2025-06-26,309.7
2025-06-27,309.6
2025-06-30,311.8
2025-07-01,313.0
2025-07-02,310.5
2025-07-03,312.1
2025-07-04,309.3
2025-07-07,312.2
2025-07-08,313.3
2025-07-09,314.8
2025-07-10,317.3
2025-07-11,317.7
2025-07-14,317.0
2025-07-15,320.5
2025-07-16,325.2
2025-07-17,329.1
2025-07-18,331.9
2025-07-22,329.5
2025-07-23,330.7
2025-07-24,332.2
2025-07-25,326.0
2025-07-28,321.9
2025-07-29,322.7
2025-07-30,315.5
2025-07-31,314.8
2025-08-01,316.5
2025-08-04,322.8
2025-08-05,319.9
2025-08-06,317.1
2025-08-07,317.4
2025-08-08,322.0
2025-08-12,324.4
2025-08-13,317.2
2025-08-14,319.5
2025-08-15,318.3
2025-08-18,318.1
2025-08-19,313.8
2025-08-20,316.5
2025-08-21,316.8
2025-08-22,321.8
2025-08-25,323.0
2025-08-26,317.5
2025-08-27,317.1
2025-08-28,315.1
2025-08-29,314.8
2025-09-01,317.7
2025-09-02,318.7
2025-09-03,319.8
2025-09-04,324.1
2025-09-05,324.3
2025-09-08,320.4
2025-09-09,319.7
2025-09-10,319.0
2025-09-11,316.3
2025-09-12,318.0
2025-09-16,315.5
2025-09-17,309.2
2025-09-18,307.0
2025-09-19,309.4
2025-09-22,311.4
2025-09-24,312.1
2025-09-25,310.2
2025-09-26,305.8
2025-09-29,305.7
2025-09-30,300.0
2025-10-01,299.0
2025-10-02,297.7
2025-10-03,305.0
2025-10-06,303.4
2025-10-07,306.9
2025-10-08,310.0
2025-10-09,312.0
2025-10-10,308.4
2025-10-14,311.8
2025-10-15,311.5
2025-10-16,304.1
2025-10-17,302.9
2025-10-20,308.5
2025-10-21,307.0
2025-10-22,309.0
2025-10-23,312.9
2025-10-24,314.4
2025-10-27,312.5
2025-10-28,314.9
2025-10-29,313.4
2025-10-30,311.0
2025-10-31,312.0
2025-11-04,313.1
2025-11-05,310.1
2025-11-06,313.0
2025-11-07,318.5
2025-11-10,318.7
2025-11-11,320.6
2025-11-12,323.5
2025-11-13,324.5
2025-11-14,325.1
2025-11-17,326.6
2025-11-18,331.9
2025-11-19,334.3
2025-11-20,335.3
2025-11-21,335.4
2025-11-25,334.2
2025-11-26,337.0
2025-11-27,342.9
2025-11-28,330.2
2025-12-01,328.3
2025-12-02,325.4
2025-12-03,324.0
2025-12-04,325.4
2025-12-05,327.4
2025-12-08,327.6
2025-12-09,330.4
2025-12-10,329.6
2025-12-11,330.8
2025-12-12,330.5
2025-12-15,327.0
2025-12-16,333.3
2025-12-17,331.3
2025-12-18,331.7
2025-12-19,332.8
2025-12-22,334.5
2025-12-23,335.8
2025-12-24,338.8
2025-12-25,340.9
2025-12-26,341.1
2025-12-29,345.5
2025-12-30,349.9
2026-01-05,349.2
2026-01-06,353.7
2026-01-07,350.5
2026-01-08,347.6
2026-01-09,352.8
2026-01-13,356.9
2026-01-14,354.1
2026-01-15,352.1
2026-01-16,350.0
2026-01-19,345.9
2026-01-20,348.9
2026-01-21,353.1
2026-01-22,357.3
2026-01-23,349.6
2026-01-26,349.9
2026-01-27,345.0
2026-01-28,351.6
2026-01-29,344.5
2026-01-30,343.3
2026-02-02,339.1
2026-02-03,344.2
2026-02-04,348.1
2026-02-05,349.9
